<?xml version="1.0" encoding="UTF-8"?>
<project-private xmlns="http://www.netbeans.org/ns/project-private/1">
    <editor-bookmarks xmlns="http://www.netbeans.org/ns/editor-bookmarks/2" lastBookmarkId="0"/>
    <open-files xmlns="http://www.netbeans.org/ns/projectui-open-files/2">
        <group>
            <file>file:/C:/xampp/htdocs/fifaWC2018/noticias.php</file>
            <file>file:/C:/xampp/htdocs/fifaWC2018/allcss.css</file>
            <file>file:/C:/xampp/htdocs/fifaWC2018/registo.php</file>
            <file>file:/C:/xampp/htdocs/fifaWC2018/feedFifa.php</file>
            <file>file:/C:/xampp/htdocs/fifaWC2018/diary.php</file>
            <file>file:/C:/xampp/htdocs/fifaWC2018/allcss2.css</file>
            <file>file:/C:/xampp/htdocs/fifaWC2018/homePage.php</file>
            <file>file:/C:/xampp/htdocs/fifaWC2018/top.php</file>
            <file>file:/C:/xampp/htdocs/fifaWC2018/funcoes.php</file>
            <file>file:/C:/xampp/htdocs/fifaWC2018/comentarios.php</file>
            <file>file:/C:/xampp/htdocs/fifaWC2018/allcss1.css</file>
        </group>
    </open-files>
</project-private>
